Heart Beat 0.8~2.5hz from Avg,Peak Hz in 2.6~10hz,Peak Hz in 21~30hz,Peak Hz in 31~40hz,Peak Hz in 41~50hz,RMS avg,Zero crossing rate avg,Spectral flatness avg,Spectral rolloff avg,Spectral centroid avg,Poly features avg,Spectral bandwidth avg,Not Normal
69.0,5.5,23.33,31.0,43.67,0.2528,0.027999999999999997,0.0202,3931.6415,3655.5029,0.8441,5149.4551,1
78.0,3.12,30.0,40.0,43.25,0.1949,0.0372,0.0211,5369.9529,4887.3982,0.695,6042.2007,0
78.0,3.0,24.71,39.5,41.5,0.20600000000000002,0.0275,0.0148,5252.5443,4598.1605,0.6629999999999999,6013.8062,1
76.0,4.0,25.0,40.0,50.0,0.2054,0.07200000000000001,0.047,7429.2183,7041.156999999997,1.1817,6818.168000000002,0
83.0,5.78,22.4,38.78,45.0,0.244,0.0008,0.0,71.4086,128.8602,0.4138,605.7551,1
82.0,6.0,26.0,37.4,46.0,0.2539,0.0013,0.0,72.5249,130.6257,0.4349,600.0443,0
75.0,6.12,23.88,40.0,49.75,0.2299,0.0423,0.0258,6426.0823,5796.0671,0.9369,6385.6767,0
79.0,10.0,21.09,40.0,43.0,0.2813,0.0764,0.0676,5556.098000000001,5706.2273,1.9134,5553.6838,1
71.0,3.0,26.0,37.0,50.0,0.3111,0.017,0.0138,2613.0217,2380.4616,0.9283,4423.1727,0
86.0,9.09,29.67,40.0,43.67,0.3109,0.0597,0.0499,5209.9116,5016.2431,1.6762,5553.5699,0
79.0,9.1,26.5,36.0,50.0,0.2565,0.0009,0.0,96.7716,147.998,0.4341,623.3123,0
83.0,6.0,30.0,34.38,45.75,0.2195,0.0425,0.0248,6508.9343,5974.1852,0.8806,6485.1432,0
86.0,3.0,25.12,40.0,47.44,0.1906,0.0244,0.0104,5342.5278,4564.8693,0.5465,6166.3718,1
73.0,7.0,30.0,35.0,41.0,0.19,0.0424,0.0211,6538.1594,5847.1872,0.6881,6555.1387,0
80.0,6.0,30.0,36.0,50.0,0.2009,0.0289,0.0161,5303.3936,4649.6131,0.6449,6116.2743,1
70.0,3.0,26.12,35.0,48.0,0.2271,0.0221,0.0125,4491.5204,3952.0604,0.6559,5555.7867,1
81.0,3.0,24.5,33.57,42.43,0.2035,0.0556,0.0397,6579.2238,5980.8607,1.0353,6496.4923,1
92.0,4.0,23.33,39.71,41.5,0.2212,0.0353,0.0225,4739.5686,4232.857,0.8236,4682.7387,0
94.0,3.7,30.0,36.0,41.67,0.1796,0.0345,0.0163,6633.9151,5703.6169,0.5981,6663.8258,0
86.47619841870251,4.412181384220854,21.48795911038491,43.24205058375529,39.143164804713,0.21658596796339968,0.040991984652373,0.06526835971360209,733.7147627178681,3112.137901337226,0.9474530503405737,4916.774062939738,0
86.63739105260012,8.914860056408074,24.719753189992705,37.29940704189639,44.58699353519991,0.16729574138330747,0.007918763326285043,0.053115000207615934,2408.7650937734247,-2915.6541987224387,1.7906897053232507,4542.63751995579,1
94.89787207067646,4.204677659531498,25.449798549111314,36.174296134399704,43.71342027687192,0.18280477420741953,0.04301320006345334,0.03614269470318451,-2561.7604676107658,3794.042380617396,0.7509861469384074,4851.396719714083,1
93.40853304447742,8.10761494661398,25.18986219320103,41.54719425995253,50.27744808124803,0.22152602979490676,0.04146581869171045,0.03738226434967495,3342.132387937086,3974.338237023717,0.459034565378,5171.236359650195,0
81.49553465210094,3.9402163898842044,23.676105734286164,42.15360257713669,42.02573695272912,0.27877818096918944,0.014843262574452329,0.0605524482774574,6225.187577837252,-4886.56497504642,0.5742464321639154,2214.433971274764,1
81.18934079071144,10.072979517966887,21.137374354616433,42.58589951501369,39.036576967559576,0.2179772011081409,0.08209677186916393,0.02200576355300838,-2876.0744375132444,-2367.4679236647435,0.35803134569716527,6149.794918747426,1
97.10411910657258,1.0525495575378008,23.232906280108942,37.0698226644618,38.25483295741004,0.20542662261822053,0.049234395514952206,-0.006883806405397749,7302.379096538431,5973.840829360543,0.30213101397422526,4340.732915123768,0
97.00764815934163,2.1608186327621115,19.342099249113495,41.64450082656365,46.71034722899812,0.2068785765331452,0.05444210095887004,0.02692917992150831,3549.4995817674594,2755.5522681748153,0.052180564333922375,5468.720797945221,0
73.97643584025984,8.184614721222871,25.968158833941747,41.14722572858207,42.77635938448382,0.17470138294656612,0.024603180521575587,0.04769264879655688,2572.0203192651175,-4524.366245288536,1.4641416098675037,5129.559436969587,0
97.44014682650464,7.381217536432125,26.26078102594947,46.44528475208104,42.196606142423825,0.3073827532987814,0.0516962173580969,0.07540821856426519,-6063.090285439794,3743.503717614705,2.0067499260319033,6905.874559208885,0
78.23623620044994,11.526406420898962,23.53691014362136,45.75365436063838,45.3469752276037,0.16199747787722413,0.00564830487134288,0.02343041897277942,6836.190588198028,3949.3159870493228,0.2242903781415766,4080.4927954626583,0
90.6321190704962,4.454359931219685,19.454876606687236,44.954898534241664,46.57424057498242,0.19350885832903936,0.07489148147116045,0.02476631387153104,-4112.703948139437,-2578.624286068727,0.40081033244580205,-142.79093015326725,1
75.54707499840012,9.15250299400269,26.528221830594013,41.25347984296395,43.77389405633646,0.18595729979607095,0.05636355146724054,-0.0010937196266543846,6569.343537895877,3693.292145118262,0.47581326586713485,5495.35962737745,0
86.31576739337939,0.8125656125907854,26.40233994356097,37.74003364091208,47.104596802670926,0.14650173655168128,0.07020917075645078,0.015891089984592655,-3949.386489664059,2640.4367065502456,0.7727077000944704,5162.050628429714,0
86.876034211689,-0.02452972216997651,18.6289413958577,38.64535270362108,46.98353672598931,0.17386478076145703,0.04139984459746109,0.07395119001643549,554.3054341537559,1063.2999979140336,1.0620900840950034,4544.395582429755,0
90.059339545825,9.281096475181725,22.195381048904153,45.534935750041264,44.549326828055115,0.16407161573824836,-0.02070875050320352,0.06455103845017951,3062.8487982329116,-2810.523238509914,0.6844352127660506,5411.217135142228,1
90.62465498978901,5.86026746725967,24.862523757299776,42.740731974051336,44.46766958891764,0.21857352958764445,0.01320340129473065,0.08191945164796233,5385.283397521804,4563.6827724387085,2.1033044829101417,4821.375558646871,0
79.06101127985886,10.145466609325041,27.69753583250669,41.51092649374537,48.09973545311737,0.1847545025950036,0.05160373997568399,0.04040366296066221,3220.6406562235366,-4199.265046561446,0.8806797489762617,3626.022895603748,0
78.49103899926673,9.33325003387186,22.190108885265175,35.39721154940617,46.92837759905124,0.1917107832249089,0.020562910321010458,0.04584370776922617,-4560.574946206144,1777.8919443392533,0.5416450001666837,4542.157575931424,1
80.30812354903509,5.724724120503198,21.015541967799564,38.87839412242844,39.9389626621706,0.2509445952213057,-0.0030611872988482863,0.026968714799678096,-2775.5813487028527,-5517.373407680096,0.9021212484771886,4854.546721757654,1
93.2721718585413,6.177076894479072,22.934337861246895,44.851248220403484,49.63357283306003,0.21726862273555297,0.03349058795475578,0.028523787158957866,6707.410353641804,1390.7796848066596,0.6866104035830445,5616.716989451888,0
90.06792862215,9.258193337698325,28.09546124331179,40.035231744168826,39.43739554300067,0.21176546930348397,0.015800607358730307,0.08883745563028189,3791.031742834412,4781.158846948418,1.18697986967335,4542.762651858533,1
84.08139942550201,8.74961610489942,28.63650125082523,46.07735122335097,44.012648120198925,0.14803255864680054,0.028179782716792248,0.04107922458228647,5683.637322809977,1685.1876656870477,1.0682462996297486,3333.3051370420108,1
74.28996958553208,6.587786698324682,27.5049472695423,42.09713471683353,45.60511572296952,0.14610181390829285,0.05733052244580435,0.01936433573287755,4411.705630152652,6997.800608174079,0.04803393571598025,6205.741667591124,0
97.45949263432824,4.305349706837784,26.642644101586388,44.95035013924314,46.685625280639506,0.2337867050557969,-0.002595038556431145,0.04772471847262172,-2078.953112067831,3311.9893941708797,0.6805435711155123,5071.255205116184,1
77.6774343108992,8.208124541556526,21.440579943503767,40.71396792479711,45.27430106873758,0.18400110067647363,0.07916843381376906,0.0001381581536226556,-1278.2664889125617,3268.444375927066,0.21467354782733494,5174.079849671411,0
83.06701122341136,2.61480181728922,28.621286416312834,36.52992900770153,45.060050128194604,0.18204295837446183,0.02953799478567587,0.007528001913569379,5517.339765544717,-2097.989535023686,0.7826007564586555,5612.412213236399,1
75.72958079698994,4.95772063076681,29.59669482328258,44.5273049492492,40.13601467840198,0.1265877320632371,0.05964037215150762,0.0392900777481284,-3736.082434029783,3076.8549426451973,0.06311831828524694,-2060.7016633102094,1
72.76589265805282,6.116938299408351,23.52306725730081,44.01511896517849,42.37160328041678,0.1311314122756454,0.05040930895882448,0.011719201452744615,-3237.2826451251512,2517.2672284079476,0.2249139120501823,4757.114824045208,0
70.89352310415912,5.433383268441327,26.510398261884294,41.988328242845526,42.06261416635281,0.2024379957971525,0.058976446346379524,0.009862069332515051,6277.983783457068,2887.0481197969225,0.6454289664468259,5153.455452536879,0
68.47384832819446,5.7845011333889085,22.85598256411441,40.682512744082665,49.2326324300202,0.30760949393561987,0.02957264933766142,0.06923940275512215,1526.5609227076327,992.0013401443521,0.4803048451185292,4656.810904607338,1
64.79446505309053,8.614225817902597,25.225770625946076,36.046601230839585,51.254866708510164,0.14844234114169957,0.04498026797382808,-0.002329106966555118,6059.359948310171,-2248.975253218285,1.102910366826191,4381.74234877431,0
71.52749415683412,9.620425067583422,26.959840870934883,34.59475435702927,46.98654498176338,0.1509959249143178,0.041325195815864704,0.02214864839457043,4159.639601774655,4173.383633308898,0.3035068674385498,4931.390039814245,0
82.65975627829003,7.673024182282863,26.881626863869098,44.918172245109496,53.391742787289616,0.19972827699039405,0.05334813695203022,0.03756986216314785,-1842.7924198714954,4570.300854378899,0.2509419323620094,4267.518626044623,0
78.06475106398086,9.451042284924952,23.765528559836053,39.061423677366065,40.47251882713138,0.2651581076753999,0.05082516989656573,0.018292688986831035,7323.401087947152,-4448.82361979447,0.6946390099886053,4861.44456694691,0
91.8807446606601,5.392968802971163,28.01333679708716,40.61049543148386,47.4658221005526,0.17028017187905195,0.03602544928103674,0.07007164238271661,631.9713491360251,5542.926639620336,0.7563130473629369,6708.805364947613,0
80.21431016644338,4.85559802143413,20.754093059287978,37.760117278441086,41.756615950021946,0.19642779801611868,0.05628000827406705,0.030982395544208893,1943.9305487401957,2473.6871617098573,-0.14062971157457205,4595.970815643453,1
87.66838659675639,10.76947630061645,25.231907986381497,31.83288502074226,45.09104260877521,0.1798109909195487,0.09169991784092364,0.040358799831411496,3138.592425655838,2305.648498905221,1.4950463964955463,5578.7702559249865,1
96.60785590946489,7.189623097157737,21.25320989308345,44.66397780471448,39.85303839936646,0.14856496445756684,0.024404314308586326,0.026133407099430548,-1529.3353244810169,1926.6608646511231,0.8178730908845235,4351.2540829496265,0
83.3144204021895,8.495052457177316,24.500328476305043,39.39774770256897,46.480530391028175,0.18357285794863681,0.031116323494413553,0.051415807916210934,4040.574273958149,8428.407385205,0.21333856908494098,-507.17927824642175,0
68.22165217826698,2.3974442587303733,17.910236269236925,36.73035492717716,44.79433234800647,0.19757570194965185,0.008315241808812712,0.08847964222191454,120.7151152973538,2602.1689110423936,0.8413169315358942,4983.202697566535,1
92.05919619988404,6.613473486164615,27.004877522900784,44.16957704850381,43.520750603014264,0.2102670172251854,0.05686335337477866,0.030846112263187103,6428.639934279784,7480.383670513018,0.6841632065992711,4435.261304337217,1
75.94443595936596,5.365383493688352,25.60617401399702,37.96870134957142,51.68854554190282,0.17013898037566835,0.05103766595712471,0.04644256387812191,278.3181844546084,2611.407120767926,0.2680574575634527,7177.175707299057,0
81.77941098738678,9.397449144294896,25.48748436260251,44.196504156565446,41.27706650500976,0.1869048433031042,0.06026613160531803,0.09500384171128143,5808.42820422507,-1224.4659616725557,0.799899270875331,5624.755618789505,0
86.8482948756879,4.358957994695566,22.806326556730586,40.2223144956967,51.150825509305896,0.19580710825952724,0.041241711342097524,0.06150931104176974,5018.229863834093,1156.6353544125952,1.0232795005788748,7783.980349986379,0
66.3946980878616,10.033535343225651,23.674834749679047,42.868389963975694,44.06943493519849,0.1631122561118865,0.07765013938406731,0.025941356331498806,-62.01659687337224,2467.304249781303,-0.3677250324992061,5424.135985111043,1
86.4293214901118,5.355817291782918,24.933341342752286,42.21959558438,48.95349516021715,0.16504887292519896,0.051886626082403325,0.025141405924276126,2389.2822629490397,-459.501423831322,0.4503248694451484,3052.066498274934,0
72.82118528222237,4.993219581063711,24.7818529882052,41.19314375117014,51.72223755443681,0.18572535120560738,0.056352236932175476,0.08925786694257506,2527.265279966512,3007.4799983739795,0.6053772774030205,-3338.0262775751007,0
82.25054011192009,7.948954019962363,27.135112674938895,44.313705664550305,49.04692925888735,0.14698702182457135,0.019900258663860117,0.037715298950469045,-1853.9198192918457,5450.890741786546,0.263020018543845,3883.3847777038745,1
100.87788009286697,8.229271923525626,25.98749152281969,41.77915827690077,41.7451492267304,0.17109057054372306,0.053391965622012164,0.012278906361105705,-314.21330272535306,-478.27220277229935,0.47719766845590955,3531.782269007032,0
69.4299315146125,3.161988209096519,20.2935985382017,33.77967174861362,43.29787917333328,0.17565083037980347,0.026719654594475194,0.04379555388424593,6571.8074803610425,-1631.4591486813706,0.4700754464269681,5953.649775950158,1
65.6402939188037,6.302910074521607,25.079367457075225,43.779046341494286,41.29864958993497,0.15866961769619897,0.0538304821483251,0.014041302780702253,-4398.3433122377355,-2595.13869697754,0.7461735801305941,4955.446036722991,0
85.418667307607,0.8860850966579195,26.49821040174321,39.57269849001481,50.32800785907345,0.16520185764845507,0.05102855876662368,0.04773803588976061,114.04656306454126,1491.6289712095963,0.858515721347013,6926.117599546986,0
86.80536532792091,3.4741892411065782,24.538614694946247,41.01262162440243,49.80869610243935,0.2449611963465675,0.059879419485981564,0.0007931785380031267,2072.1930699078366,3397.825549487849,0.12874345127890197,5781.367117599052,0
90.47257474122654,10.110168409404341,21.195072082817823,32.99988746700759,49.42716736310269,0.16681431303308858,0.09383021749274734,0.027811039507374714,1890.4736404980422,5243.493880012435,0.36341211496699,-309.58892999059617,0
79.1769238297549,4.3645541346719,25.698020364527178,45.240764715347574,49.682885281874434,0.18292099876099258,0.040695511001312135,0.006403541880559955,3857.2968870397353,7315.8646911678225,0.23812789087459652,6570.231870654774,0
83.04702750902966,9.385717384912803,24.60060511260216,46.24952404139967,43.808708979144136,0.1827380386497498,0.03747231849827015,0.04059837623091986,5314.416172829711,-702.6379200414121,0.1260151907718685,4744.408433373804,0
68.44319872907504,7.53176206253606,24.894361998627282,38.74742486030046,42.63814467599263,0.1989616244651807,0.04551497825272094,0.04537454399708386,6153.151965901768,-4060.161332075199,0.22399502432618257,-1161.7518466337401,1
72.60243261567564,6.682840777771884,32.49570494820052,41.01956043531472,41.898556553415816,0.1834983889175195,-0.020625937198564363,0.05659440463500572,2309.2428039370147,-3420.6128142491257,0.5295167929367146,6034.811539393184,0
89.9468930274665,9.194719177562991,29.6153230688237,41.67096782401701,43.91293216291639,0.17072831096285676,0.049534010969946314,0.06799152878802489,-3284.327879346006,2092.7311857973104,1.5242811194971457,6497.45839640565,1
89.95175798036698,7.659740129711742,22.266232070571853,38.87026423153573,46.35619876024761,0.15415868655982942,0.031238878787773008,0.005685763918182879,3141.173946718173,4995.069416844483,0.16703675010914742,5387.3927035828165,1
73.24791052887659,5.9092476486685355,31.08617863901262,44.65490070198983,48.08995130997168,0.17140865053114182,0.012478765937394075,0.04023287896494068,5667.677694260579,-2526.9814047638506,0.39664038261896156,4512.950485524649,0
83.28874619713076,4.293609679318287,25.799275328208395,40.853070570720966,45.645113581848484,0.199911719230938,0.08211992625699352,0.0197089849020516,5848.803006508152,2430.0277882904106,0.3580902638430402,5543.667674762434,0
79.22162706651365,5.586728245757003,29.05099325165248,41.881901070988484,48.47599439340103,0.16817546978688516,0.06814522529653877,0.06354496603177959,4620.531872416193,-1530.7148198639666,0.2554419093881676,4757.3479688281695,0
81.85231244514662,5.105548676862494,25.79661140414313,43.36860735657165,45.67155473005965,0.1784581204974961,0.1034622256311864,0.023967364517988185,-4883.957300091647,2197.878083597211,2.1338318594413237,4555.81794451283,0
71.60067349880359,6.329694672573672,24.549074371471576,46.74185890415457,46.84020833653967,0.20818462934727466,0.05750171540224412,0.051295386410661045,5872.2922284376,3116.8641602571647,0.015225059960927823,4917.525058154085,0
74.19005200323973,7.264330018046477,29.999739749070237,45.642861377357534,43.47568174108464,0.1411920658451276,-0.0024770921050754555,0.058364540536031004,2632.55543019139,3639.7772486873664,0.6890403659036121,-2120.954544409854,1
86.10020564508577,3.1597066000432394,24.21911501604689,38.38089706632734,46.69648630655709,0.1273958370934686,0.04539146166585498,0.03132001197417302,6279.833137743997,6314.084827778647,0.4825923686018406,4674.421283838536,1
65.46919166481574,5.591045966327723,28.400195729941725,38.97226573631011,54.37991560043929,0.173714164496228,0.06240228046767983,0.03916453187546709,-675.397264962457,3095.2517995467724,0.5375307858895497,5599.989080547021,0
72.47375480938135,11.1435744613057,22.071517420479964,43.4075341746999,47.00964105586025,0.20590251829628703,0.040973001236565734,0.07896397605363961,3160.0608209753423,2286.077902527566,1.454159801646531,3175.002682581543,1
70.58807452267794,7.755709260461868,23.142770202474587,33.778612128807,49.62943155379941,0.15924354349215863,0.014973961870631915,0.009859008381333707,5880.79209485792,4311.789339678569,-0.04566463677736454,5472.645130061225,1
75.10034090111449,7.378514979967264,26.640975479917724,38.878063725542376,50.05547014376869,0.14654090116425098,0.06903428256823713,0.038017371874728936,-6630.158911718185,-5793.448070071097,1.070738120570123,6152.802287744689,1
74.23211068881136,3.03330503516291,22.195866404897565,40.73169028040013,42.67235017745842,0.14669181441010973,0.04294700940193126,0.03922437934639346,-1762.5006387270914,4672.550946267176,0.30256797482434833,3108.9761103889355,0
60.546063586306474,4.823541096739074,27.576620677947727,35.494619251440845,45.64600850503618,0.20026577372142454,0.07922639049918717,0.02444844818572193,-2650.8324503718723,2081.583730712147,0.6977296903583803,6005.9987087365735,1
91.52095506988103,2.7524643207352315,24.39054306717277,44.01956384322857,40.222469587087275,0.24253863622483846,0.0012945525964142834,0.07280387521508305,4047.810147277306,-3472.2598278550363,0.16979117950717093,6501.702589305621,0
73.39879967546366,4.980014274233238,19.96688287943705,39.64706192216447,50.72924441091335,0.19495596491981806,0.021258664569923702,0.02967730150685159,4298.713113848023,2594.061461666529,0.6599901128220691,3614.0966432445616,0
91.54217798158209,2.042351966277142,26.625690475559857,42.75488267739637,52.5622576915768,0.1575031455751495,0.04754266163797576,0.060506563886619534,-271.2127494477868,2457.7534180767448,0.4459538276805713,4921.235504387467,1
92.76182761142746,12.281675505449288,22.81354891309101,44.919761833587756,40.53697600779918,0.1450796999582654,-0.013118450217255051,0.060041824764903426,4154.327739644893,3722.2842520790373,0.07792851618292496,7539.2347798915125,1
95.63263433876435,10.476360378671302,23.402920472416916,41.65167239184162,45.60948386313962,0.22194429572043947,0.06744330992970338,0.08433329111333504,3762.318926745008,4490.388952950056,1.0917286126651677,-2238.5865803603774,0
77.90239246435759,5.7104204412272495,18.75500689505239,40.26499936009746,44.32130920707953,0.17372847011356574,0.026907598997891045,0.06917248271597311,2314.0087522584763,3916.9365876881457,0.4301425127900811,6901.919963106632,0
73.172518405238,7.547141591851193,23.57630866778539,41.591608428958295,52.79453047346036,0.18901328454931102,0.06450844076098748,0.009623196991635696,-2021.475614805452,1631.2639776689907,0.3317052578702332,6007.336731027644,0
79.45842063305352,7.708782752094292,21.307880985902138,46.2090527249977,42.23808325276448,0.22843380017619605,0.07781300807542352,0.07191205657953934,-430.2752980970977,-251.88569331442204,0.849148418669342,5315.58380473383,0
81.6970038708413,3.5483377650675108,23.489703779214285,37.72742818999033,49.45301461151287,0.139486828407228,0.02820769211374989,-0.010450172188430775,-127.03287118187973,4809.538149594128,0.017592109175093906,4818.925908042677,0
70.3657331121934,6.739632033950326,23.615623476884373,42.65703661601406,50.621528621134836,0.25314464410581766,0.019730260300073407,0.08975535083411637,5416.289982537628,1926.059479804212,0.7135360313500578,4411.151199089418,1
97.00571009511049,4.945092572217428,25.713957152708943,43.396955123612855,47.55254997996883,0.18431086161863974,0.01973611077339444,0.041024460075394405,3967.2326257083073,-3108.4154892440242,0.30899870799241413,5708.735365674427,0
75.92289082865263,1.790055243396286,24.32899390474215,36.40112764767867,45.115690214348064,0.276734730723569,0.05196084236084572,0.011140664663484325,1147.915533608942,6346.863063199809,1.2137122892024281,4985.2336454114675,0
71.82297057448545,3.8033211695894087,27.038748052726216,41.63433012761065,43.98823279927652,0.2033437821460546,0.06039089708450311,0.024223119285647465,1986.2838042186486,-4790.325058096487,1.9812881825393032,5799.954815967021,1
87.92351280212483,7.464561948960381,24.457017224379726,41.587837363683064,44.7019946144517,0.14674078724487527,0.022683086242073373,0.03504135037011041,-1891.5170299267584,5303.813485006843,0.4848730741230228,4071.9008803360184,1
96.86460508528833,10.738724650237302,28.75806278668973,42.15323359954745,41.32550107405653,0.15610938653862072,0.057421839330703335,0.032910016547878534,4201.994995905887,3540.270337916601,1.6096072489840565,6087.475346284014,0
85.69998786027267,5.220984711324427,25.720994327796923,39.21589970151221,42.62462525720131,0.24911805282193789,0.014394300307731117,0.015368019882547254,3894.3335648521415,2819.742552006481,0.9697934847288742,5843.751564661776,0
94.49170669291547,0.6219714195071466,25.595704038875766,41.93558349978319,46.66819957479398,0.19174805208965165,0.026537251913953654,0.019286063480495864,3036.2375477088426,5951.622219931003,0.8320938217168886,6417.389620137752,0
86.59433641735416,2.4810662160950523,22.650769474026678,38.40813925013159,40.20513750582963,0.1691157934225568,0.03721829203266431,0.07747888662025747,2791.2337003197745,-1782.2070940914114,0.3942165815638755,4332.290485747393,0
74.41430970640053,6.3169042608782,18.822366712601003,42.779909646134406,42.52174237281719,0.19211922937297912,0.07580385981803532,0.06454622612731917,-5135.887613724281,2985.7921510738624,0.1914908219791227,4601.847327720984,1
95.75835992221634,9.412792426095642,24.942618578454216,40.552486248273496,39.648441094817585,0.18089872816795138,0.02726139668012139,0.0253363641784569,960.9652796743515,-103.62468534287382,0.5302259387200171,7320.459785956733,0
81.30768472847997,4.8104012404843015,20.248151302373557,41.9632939707645,43.67738761499533,0.2578058840004348,0.018911884777392547,0.050334901756328446,1103.722660317363,1746.478296181695,0.944794468660406,5131.09077429404,1
70.98878434463143,10.979443599527102,23.966827407002686,35.56839984506637,40.87581869493061,0.19298785154036618,0.0655616572881979,0.02099067746356906,3722.3266150909435,636.6023590648767,0.27888646394637323,3321.0941790344,1
94.39913404154812,6.612705276982009,24.837481268948274,45.75431102643404,51.45767748872649,0.19453105896986475,0.02652659907714463,0.014285450879950335,-5197.848357000739,2830.038099407393,1.4987884424104239,5248.7586303680055,1
80.8211202642651,0.6658557824703495,20.855648567631974,45.24160047181477,48.47510863155576,0.23534870966737242,0.07924510494223005,0.022790339214041402,526.2869879866303,-3310.4261410849326,0.2434231425197912,4062.689215834391,1
91.07562464411573,11.151947901709038,19.827919665408494,40.07890414755629,44.431774629516674,0.25868921743266704,0.07388627595100067,0.024861584130976406,800.5907186544091,-93.892866454883,0.45011987280959165,4223.556976200041,0
90.831162542176,8.443595274092008,20.340668820049924,38.5168022769372,43.5285954497351,0.19473440613970544,0.06181612188659714,0.08084264609619787,5362.712838520905,2648.168600226266,0.08877606535088312,6570.753898942848,1
80.56080574892536,2.9386627751035936,27.748528097680282,46.27108668526799,51.151008624212814,0.1308441156998772,0.08999786323904913,0.01920312467415772,-1508.561948731086,6065.131947540945,-0.0522894724876255,5258.872660964702,0
71.36957200632656,7.247066014853919,33.739867494861485,46.18730019421169,48.569675577097065,0.18113583802695052,0.05756371046747674,0.0029396380190723666,5240.520488537142,4802.63641821102,0.15024052442706604,4224.8971511062955,0
84.81356216993673,4.420906848842363,21.807264449258216,46.25125398107797,50.438905694236766,0.16579538537880478,-0.01318451396909253,0.026153137938092253,1263.5532349216458,5004.838361956466,0.8624097408090999,3933.29997522735,0
70.04306916849566,5.764674106818342,29.748153962931493,37.6008927318217,50.5705705401284,0.2378065082866294,0.0167671553050121,0.0029741348810959755,6941.029474515329,3648.751060037021,0.5031192537065365,4837.839472863601,0
74.14400318542752,10.163046389221384,21.404785060693992,45.80681126627458,46.80508407712393,0.1664400443231926,0.061324113875311434,0.0144926574336453,-4494.884098051871,-4477.20760771114,0.59096057141649,4253.814848513241,1
73.76100788806714,6.373774626595336,24.908611030318944,37.76872557799162,39.75774685056305,0.1715686392166024,0.05101636154628959,0.0018609464942030418,-202.42094854664492,2737.9502045054887,-0.4576432898578815,-712.9178816316135,1
87.47122656249729,5.2181984978453,19.629400301408396,36.62504004651884,37.83365236623223,0.2117345092388866,0.06849983494819399,0.02342818698907765,4804.426184891081,4888.508653175137,0.6186473662002198,5141.834540362196,0
79.43518880060633,0.7498494752927725,22.507952255925083,44.56530074991475,46.67513688869426,0.1728839872442201,0.0012327999855044972,0.04255216944460877,4102.324335226966,2601.170413837698,0.32203499057131135,3571.026812954386,1
97.90715063723387,7.860713811768554,24.610497310085506,34.19257704070978,46.83350782864555,0.15619992444519265,0.050783494271481766,0.019594572942335315,4099.63278121029,6036.9188372464,0.7723311675429474,4182.243883697565,0
84.77469242338596,7.987515289918905,25.32265762925067,40.24737639346642,53.99949890267276,0.16738574278833734,0.05397884777771453,0.04131379348393416,4646.317062888212,4086.945318991131,0.2684318227445199,6718.290780961228,0
99.66149461286841,4.482826069984699,26.241266242942693,39.80716580715649,52.4984150183815,0.19265875037187932,0.03590550605417082,0.09253662835357715,5201.677899900854,4834.14539432679,0.29993482224655454,4282.57113799352,0
76.1853275263047,9.456245258431387,22.19664928587561,43.5799927757351,40.29568905178392,0.20475798058279515,0.0599456221439415,0.07324157742494053,-3539.9514694390327,3442.668067599065,0.04828223170613133,2852.37371191274,1
74.39267590608185,8.322184621529942,20.687438395356672,40.876456192506524,47.73128637774299,0.1776572938054594,0.02414912418850923,0.0706240437863121,3290.010869819309,-1559.9758022836832,0.19824589571893292,-274.96368432210056,0
79.02923549758223,3.755583986885514,25.532364944091302,41.36448430565481,38.41040850479112,0.16762176421062927,0.05159178773523858,0.10206992006674556,3600.6062969806053,-3927.8656606668205,0.7479475816334173,5975.5012592695975,1
96.31897825217573,8.173920381577302,23.23252729350827,33.46323091592835,51.969369206745625,0.13358621433750895,0.03247541335528234,0.03535525628136685,7757.7859327918195,4452.754542565965,0.03282470113382341,4717.906454222833,0
97.51736063551736,6.46098006085659,28.733336348878716,42.78101594382882,44.94619504380151,0.24720637631431128,0.024818037986216235,0.02833243757808088,3874.3463463500666,-2979.751658879784,0.4596858085173322,8444.989014834446,0
92.26970021805485,6.709119564250039,21.50103305277105,35.68027054774299,41.11411434622056,0.20202845047519125,0.04145733089623725,0.07800511718870891,4411.134985313998,3046.312133453763,0.9933232655677411,4887.2352914715375,0
82.19088803076983,8.215442041595553,25.81375805880753,37.38746747705397,44.9020140511518,0.1837650203698661,0.011790670466959585,0.04440397363481374,4020.1341413943073,-3423.0624268900424,0.8000189555365751,4551.0453036913395,0
71.47534217841822,7.580524494278219,22.19986633219931,45.437163039625496,47.158874971704186,0.19515276120954927,0.05061827680387322,0.023980341615402696,1444.569586825108,7525.764767270308,0.4778280631978153,4339.2743336450485,1
89.8866428223266,4.84161941224841,22.884258323557894,45.552024937560844,49.29402700102822,0.17396999721936543,0.05767153192528872,0.0343068440879984,3321.1866783974074,4619.337671205571,0.30872576352020703,5557.103330698463,0
68.56316553833696,9.769155498195527,23.182337936141728,41.172355261658595,49.11871249243091,0.1784228422497554,0.02040848585911632,0.0931063536481356,2584.335818660999,4137.450333475436,0.8924659723682955,6040.19524270472,1
75.37577917549692,10.837101991760658,21.641185559369216,40.44409130178606,50.126594319068936,0.1734646258521571,0.04456350351489943,0.03976740890931635,4538.71836030116,-3.4422287183551816,0.01267144898773287,4842.854531271922,1
87.25445867006309,11.00445650109595,31.92594252265525,38.00398550630795,54.69605444452185,0.14371735897545526,0.005418430392082396,0.030279266740684593,4235.738975049658,1887.5458183053884,0.9526404413946137,-1.12323859832577,0
75.92538584884235,4.946257122834696,21.712499056657514,40.436418028598446,44.779089692341074,0.28154489969266794,-0.011185250776491094,0.03877700402630307,-380.8948353082578,1337.7779192887308,0.36495509703390383,3935.4406682345425,1
93.08939688436382,5.100508717953143,30.19886825052858,43.8718261055992,46.1465807964005,0.21209207729369198,0.06468702857427336,0.037740911541348315,4764.902194282552,-792.5135442846577,0.8025128870513892,4506.842459047253,0
84.71406101811236,5.77535720179704,19.93825174399037,44.870859284010635,45.68640144934139,0.24294015905280283,0.060285391570587266,0.04018475390323743,1527.66577523027,2497.1675794504026,0.4542249404658045,3920.7421532157177,1
79.07392666102419,3.887471229426442,27.471348689454544,45.45935694635733,50.527231084813266,0.12536906512163554,0.07666413321559606,-0.007038547857734605,6104.014889273853,3209.736168387968,0.1477640901849252,5477.9043128636795,0
85.32001960073407,8.197109001309034,24.867846899321147,41.471885997495825,45.39658311245043,0.1833393685519153,0.03121388010547217,0.09575342344857045,-2057.978714539475,336.443110717991,0.1836652726574739,4920.675977288148,1
78.3571498744261,7.710287420811866,22.988333593809493,42.99516901244823,50.96136883581214,0.14062853640222064,-0.0014843350990531093,0.023562961947396488,5609.406652626452,1270.6252762232557,0.780863213097236,2993.6326067987925,1
71.61768143747906,9.114915379907,25.215285788496118,38.952935057566386,45.61389501082016,0.1677477341184326,0.020997915047991256,0.07092889571983102,2178.424560002814,2416.316679480355,0.30617449888559656,6023.862141256839,0
85.0480647751331,6.395575125274359,31.953551209857377,39.59505180014578,43.8756685619433,0.19677510752352662,0.03543574654180929,-0.0018946593198073888,-4158.882486936978,4170.908624032233,-0.04707618060097052,4977.479950994899,0
75.81903378246561,9.201670233752212,29.095567225220815,35.11084937605036,49.05151864688817,0.12154767586353758,0.09080899922718444,0.021273902454112564,354.9007301577358,1828.3003053529444,1.0299975179556,6394.367235163432,0
57.59702176610958,7.363322112122196,24.059328429085323,44.37597206164961,46.94279859971323,0.16042353937768883,0.08966443298271883,0.09686461754841433,-5307.894123483245,3132.836150196222,0.6182346851062919,3630.3181398744628,1
90.02954497504282,7.094674717579125,27.146578836011518,43.45344425887168,42.78226762296217,0.1541031848210341,0.05920566670408156,0.03791122807903333,-1640.589983765375,4201.233915353236,2.0352661516703416,4250.331127429374,1
87.63760478492185,2.2507386618962886,25.80407004056641,44.997925385616284,47.5047040046258,0.2381189893570407,0.02266096481068166,0.10483101033957473,-4678.182814399145,7020.400337565363,0.2922712599281652,6932.821327248679,0
90.98088354588194,7.397769289196037,29.11664888018221,37.759525866427346,48.61689827648859,0.16597286924869759,0.005451500151489076,0.02792064902757178,3826.888478845225,1004.2046135918399,0.5335811840444902,4936.716093798437,1
89.1149979568792,9.139976435108096,20.777300572746128,44.62249164117377,48.12215480742513,0.1566985830004236,0.048550784186707004,0.004216485519306248,-1037.564852848187,-219.17285831887784,-0.18781761661345509,5021.314736654695,1
94.34423963890973,8.604370198115426,21.235831763118853,35.627119357766524,44.4393781950096,0.17507724807568478,0.08879571409291309,0.04545431437583954,3338.6774987536255,5444.770021716219,0.4519305293288951,3308.427936546775,1
79.06910134224977,10.436523566620961,22.563978499870338,41.36870786065868,46.147758044397754,0.1731806595115707,0.02140336812881216,0.03687907945020524,-2628.1246619968906,-3959.8134755520473,0.6564839636464932,5511.797812110922,1
81.8056573884925,10.003679562070648,27.59690327479258,39.076102761699474,53.877251616882056,0.18052338972632215,-0.016486948942339492,0.07883221691612785,5826.8699542882605,1970.721120755622,0.36358724929410624,5561.8566361954045,1
89.73017738676401,1.1545206945932147,25.265245536802666,44.22487161087905,41.35708635126112,0.18820083147629596,0.056592670802308065,0.06370560617646741,5535.023598532475,4221.292230585888,0.4898476324013602,1620.686715108824,0
78.96029473098308,10.58868110711503,24.214865656929355,43.57483280514546,37.69726081045938,0.23924641626982712,0.06589496379180093,0.08026036917012414,1198.5473953314076,252.03128387991228,0.6382847868947894,5273.9416805424635,0
72.33774909355952,11.82979388301532,22.53385330743189,39.16162713085037,51.366638860837064,0.20811328784772742,0.04748785685875437,0.027203336354566156,-453.0766920330252,-1733.612419487274,0.32317416174589403,4727.026817270993,0
73.73480206122278,5.31357342443155,30.10626750105899,37.21666459150473,43.059502249861445,0.1283011180186619,-0.0010291750937047386,0.019463085922032858,-6436.5672665086295,2049.524884002131,0.6548099762151778,3627.5183645000525,0
91.62427336904628,5.563278716681308,25.33334342893052,44.52814007064309,42.21422628511421,0.20200255609741014,0.0013092286596426486,0.07833142425803613,1551.1818599231328,6171.387732385107,0.4971848805394481,4513.753958694951,0
93.11733097681952,6.94939560595531,23.248383623992023,40.88466260973229,40.74569732655182,0.19694704481802586,0.011403129962020142,0.057368291902079344,3307.187467617009,3848.283828947173,0.37116624101846907,3765.9460414045975,0
76.99378433051989,5.624390901467783,27.91971774093742,35.084222340124555,48.73981818458978,0.19283137628573588,0.07618945563726046,0.05953227471614127,-4361.724816795792,1395.486446222811,0.8734006679772819,4752.785443628387,0
82.84768873589633,7.770992747092899,25.552525290878197,42.39571760576552,39.254343142165574,0.1771588282599295,0.03820783146777753,0.030296850354519275,7103.038581555773,3240.3654474884943,0.8354190660040038,-1282.97653127086,0
87.30332987308118,4.389152372613594,22.41671798639177,41.481755036629735,42.13277895174463,0.18139626137848436,0.032547403031721,0.0359559667960171,-4691.930248815538,6261.352309299136,0.7964291633389882,555.1042184981852,0
77.60912566160377,6.70920422997707,27.71424770082386,46.31165961339849,46.54026640159263,0.15285681976913118,0.02018602265288004,0.01980692025020646,-4305.2625562403255,5284.014338170504,0.5004814617908495,4784.995394004171,0
99.52066827894878,6.14071673499003,22.852304378013088,43.123075316034196,46.27338476100919,0.3167613041864193,-0.006108431520626685,0.010330836636789732,6781.294748681796,3553.154098543212,0.5308391807216738,4696.164786121177,0
71.42941765639208,7.387257642314577,21.093559901137233,45.847022202622185,52.313712833018755,0.20571385116836222,0.054888143671453934,0.006612956017674568,4946.78965917521,3517.9517636439327,0.6200916025911688,5846.106981033532,0
78.54311220423861,6.831596078941303,28.40555674531318,45.18267074985121,40.4004669900829,0.17729647689032507,0.015842152917172336,0.024131275339502635,2863.5136590848138,-703.125630729739,0.0592759886522185,6977.229294466237,0
84.3725733880618,2.092634412399898,25.389567606958764,32.96820175468403,47.076476371165334,0.16824114869822512,0.06676439236561409,0.025358935723648134,2817.4807187904057,1350.2460605590177,0.17677257169175709,4435.523999813823,0
66.85668889911713,3.7492123617656574,22.602916219820898,40.879605203481134,45.48302388205096,0.20769640279995794,0.0896917495030902,0.030212318787659773,-1329.2505223766184,3031.3035922651243,0.1536049832337243,-2707.8350814931855,1
85.12639368360234,3.6796736220611512,24.39021932156762,42.25038838363906,48.0349320271533,0.19751696811620073,0.049532562557924036,0.04058649877310904,4534.044908414761,4409.266957738102,0.11281832843104933,-3862.160285305834,0
77.683503428708,11.586660373022761,18.650863227090586,43.59094524992451,45.12949447855014,0.1499363801676797,0.06916841032007538,0.012993737026247128,2735.1661465234924,2373.865326506865,0.23132478400269763,3859.6093085868642,1
62.68134327020936,6.269176272343099,31.444031873526516,47.115811657653694,48.78560504171579,0.18042267137585472,0.013960497750100984,0.06205678464560959,6458.896743939673,1902.6135317669437,0.8236919947722691,4482.584906028062,0
68.31393427833824,6.21439291679727,24.503032711913665,42.131820515442065,45.31345759579726,0.16597452455223585,0.028682982141807208,0.04322491347576025,-3945.768711459378,3136.7890785995914,0.9543730109102778,4123.622746129559,1
82.54448262456822,5.503998436954635,22.64367108177102,34.79353023698656,47.42802908806341,0.2201150026261418,0.06609349347313898,0.03376246351998101,-512.6788820771312,2591.8094066081294,1.4893687891805092,3828.9627937027662,1
80.92172236403533,5.941548086546453,28.621213751955164,40.13603819975465,49.253754296526864,0.1690577073165772,0.07744835172276633,0.04030066808558614,-653.4143826037166,208.2342281642059,0.6533651377298344,5202.1865990987135,0
72.2733100412599,3.6264982538779136,22.322611743254534,44.79336128880401,44.36195201587315,0.20915725070004998,0.025637317030084487,0.0612469781724263,-4763.06863371337,2620.5097415827518,1.5704488078114724,4302.505526431451,1
84.75034786656097,8.956615340916851,22.207127447060287,41.33251947861444,46.455169259004755,0.21320026457419675,0.04229089517201661,0.01876077306532553,5431.07512590135,3473.605363772216,0.9621830414659054,6618.620163457845,1
62.9625858411239,11.14493175874216,22.71673334542574,41.564507945884856,38.8107090803574,0.17239750138556212,0.06581291320805231,0.029502207650771523,2903.7928720210084,-244.27585828862448,0.5532984237160747,-3203.814145495907,1
89.10124150096404,3.422566298402568,23.86259397757252,38.79890374350091,44.11093024254673,0.16127625623716463,0.044679465502878477,0.0371038638387207,-1723.9339200035647,3088.230724339429,0.14391786033930853,4049.0151927945417,0
94.55194977281923,5.473563208193989,25.172044528840697,36.49305657232543,37.60398094943275,0.21272100390284554,0.08160127605142178,0.025518381293533662,7024.799357333749,3428.769481414356,0.48339947860801435,3863.63839281689,0
95.53752193655815,7.0077973630101145,23.272961883327334,37.17963981791999,46.315051331692494,0.28305127811131553,0.0707384409664753,0.02526317617433489,-5784.641056036035,3875.4688938876134,0.4402966426408575,4436.704804772284,0
69.51257000340945,7.280196772162631,26.018169872007366,35.242028688673415,50.05692264998988,0.13814237517095407,0.03086634835214728,0.022169692353678085,1272.4396251419134,2374.796357542084,1.736527879120202,3866.878983021323,0
87.4109937746013,13.023298062284642,25.09866905965713,44.28940966518441,45.780610432673214,0.16389652649718955,0.0018841408959385658,0.06875275955170895,1586.2810404133563,4311.812683995743,0.7125541168555077,3838.6376908020084,0
83.41661449742982,7.705326009207866,25.117270954880688,40.76558573028266,43.56498911468301,0.1767899867211205,0.07344582736680275,0.045873271297071,-3843.25374253256,-1219.0151588265453,1.0207891508305498,-4115.71915207237,1
72.42683433768087,3.050164627218698,18.120869573598085,45.005089647551266,47.922985431738475,0.1363913257355247,0.04649222449599729,0.08167444266958188,3132.982473499667,386.4930377076198,0.26531961811484417,-3170.5002390380478,1
98.94292404807109,3.3400459215206784,28.76748320450362,32.97864204225429,48.26586555167993,0.15563724555351088,0.05388761928762073,-0.010986326008695844,6119.810300776959,5847.294144884309,0.21143329050476345,5673.54158495735,0
74.18585484330453,4.9492571007383015,19.379118718684975,33.25415113039267,43.41727430264191,0.2078783586064848,0.029439568117177538,0.10633692332084817,-1316.265743104323,-5431.551809413571,1.81063825993966,4252.921296676795,1
74.82038799794199,8.37194372762749,21.96123937852323,43.573564563758694,45.900199406557526,0.16599702646669,0.0221026164980965,0.0976660790484103,-5473.41453512737,-4256.252547500531,0.9676290995718763,3885.122969883839,1
100.81012226391012,1.036267809068998,20.938937506003377,40.96429889675126,45.311650292884735,0.19279459975929847,-0.00029915017881708417,0.010509406248847272,3862.205292785691,4541.1900760509,0.6069317102424079,5377.645712980976,0
76.72019366945422,7.3829121738747245,26.73035290089687,37.34583633322421,50.717935935072234,0.1622647014440775,0.08373502562621399,-0.00797174169734468,2745.5947553818573,3813.551578243033,0.18648227143414564,5833.76312451307,0
77.0806777728341,3.8734448965516184,21.87484868918693,44.06081058413392,45.40735480080617,0.24358605947484435,0.02230608492347913,0.027338380358101058,1700.3511554836987,4639.398466265354,-0.041558660409710235,4964.402648168782,1
95.43619157827706,6.446414248552343,23.64001070773372,40.762396392153285,51.14219056762273,0.2110806144531659,0.03249011609480013,0.05800158369248112,-3611.82642268529,2323.0279273202286,1.0339157102293641,5677.906018610771,1
83.19253532101907,1.407124859895351,25.318288691290938,39.82895882386559,45.43760565554054,0.14562522388600502,-0.007965621531185706,0.04621816029533382,3087.7022303831814,1093.6635825021442,1.0053231325293872,4342.552932155445,0
98.54459801345419,0.25560376885659775,20.267466231555588,45.83610275224455,43.83085825309343,0.1438937305860536,0.05328457224761392,-0.004776631430920622,-4049.610117220318,8896.853501342905,0.008807073969918311,6032.0131141797765,0
97.63670517415605,8.763879369519731,24.303577498138694,37.192368105910845,49.670024002926034,0.20442754143180403,0.030437959660639655,-0.0010304342843991017,7317.891067164306,6747.602484497007,-0.0567839865235803,6317.531865224443,0
84.87300761923882,4.745694036481433,23.329313582866885,42.643091358882664,50.708716608161424,0.18657677588149105,0.03585775297053391,0.07161217015251735,-5577.764173048723,4102.487645580129,0.3611493003955487,5966.54336419908,0
91.344568265753,4.975979952340223,26.852188723524648,42.53178237854285,44.57313618737488,0.20060819186097112,0.05475510191293666,-0.003265634970736682,5519.002511174446,15.82683201963755,0.5597740223095652,3760.2900386410206,0
74.4982430089434,1.435341830071517,26.02137163485607,42.27209106117077,45.13109938775216,0.14385718959687854,0.04820899683293691,0.03855449741535837,-2271.4874747939175,-3726.1215355286035,0.031827848151050775,4501.862046279758,0
90.29291032847233,3.0785886315554944,23.204255185188106,36.97003901427705,46.74935353001899,0.20466826051393977,0.016270055752947116,0.02356615966858027,2037.8485374269815,5405.869083556696,0.39895169628342114,6155.996284657161,0
79.81117831467495,2.871013536304056,24.19627431469029,46.422125533928124,47.7181344957199,0.20621935680605208,0.04534528800796949,0.027745985510121716,-4469.263181858868,-1349.8640104888837,0.07529022419278808,4902.8061633465395,1
74.15955520085095,8.210809503424988,18.624165726554452,43.724715185320214,45.153791396469465,0.19882288156792044,0.028905811239397852,0.03289486910958025,3167.5343061820968,2462.9976389834956,1.8656109637408826,4207.962565669067,1
74.83332663508641,9.645436117089492,22.91782457340478,37.584787610231686,40.74298338277707,0.19675044480934661,0.012259632689747814,0.03686398338092196,-660.5213464555814,2063.908820803052,1.578324912076703,4683.765213168958,1
83.51992765059119,2.9434966589562546,24.702048394970692,42.61766334135357,41.82772323203531,0.29447424649280096,0.003983196772474343,0.02602695402693511,6615.947444914633,4550.001915305429,0.8724628740484204,5713.278581024398,0
68.2606264282812,4.8811199426142,19.252635044165974,40.75477773526976,50.14977983123377,0.14112725384176722,0.003198750964376426,0.10575969909811066,5378.911454415572,-4408.308796185607,2.7790274453103696,3813.1541915923403,1
85.66638445492514,10.58400967562611,19.927554926294114,34.75995327636566,43.502170668777055,0.19776000495042517,0.05592396662656768,0.03363756618113409,3747.2774760390885,2115.62882704995,0.4044184069541284,4499.922501787236,1
74.55969896237744,8.512323471750395,25.45803082418521,42.25508665593718,38.24276526267366,0.14292355260237732,0.03524052235264197,0.033249933025489314,3022.2574804557385,-4249.509753698425,1.4554176354129416,6695.455176750532,0
76.27171903531722,6.819983777608443,23.31268435999987,46.105875540770505,46.743156097722874,0.16715779178863224,0.022148322926297388,0.013122106589451742,-804.5364175535283,-1846.28879488978,0.6087036119169212,5081.01875429636,1
91.14043737546645,6.166479788129389,19.15840441942762,40.43536729981807,46.81957442322054,0.16344561985055198,0.047155268878639287,0.030048334765298945,-1130.6121563664387,738.055582556243,0.5249738125901304,5635.73584135629,0
79.73775156248762,4.422979174801639,19.99642971661252,43.081793011023855,42.83648355281083,0.24533232783098283,0.04099613415708547,0.09993854651390723,4706.529232284979,3753.8049643104277,0.42086116970820414,-1727.1382016779971,1
76.06617774412062,9.662662417575481,23.259423415153037,41.60332140342845,43.21556136411289,0.20993460054259566,0.07716328100157573,0.018312215633658112,6494.097708645349,-2028.4830204976183,0.878455662516873,3718.730758290802,1
79.97972037606586,7.338092386918031,24.22742730328911,41.3929990969748,45.363307064643266,0.2227418529274689,0.044266683861315374,0.02372495413620067,-2299.9303684718225,4610.6039225806035,0.4476093660672943,-4560.499045285976,1
90.76764185364605,9.33322198834978,22.901969435969324,38.969808320162834,47.99517926089894,0.18848625029666694,0.007944183146693491,0.056383555607585456,6204.819246263765,3032.6060153022318,0.9769283037039446,4876.1463427319295,0
99.06253142875418,12.182059927668107,21.439348541311865,44.430080307094215,50.1926695529465,0.2518843267424706,0.06482853602956253,0.03879569721086176,1697.567694385349,851.924277881317,0.5807797706658605,4661.246973218111,0
77.51277564546403,8.880620442655657,27.128137356700655,41.70252144109348,53.99883652405885,0.2203234599527246,0.07892706548426727,0.030810806339177238,7653.987168753477,-1234.5450394179948,0.9112651935123129,4805.075803628283,0
